-1.185348774361112634e+00,1.458239426831207108e+00,-1.680099826748178817e-03,2.969830580357393224e-01,1.000000000000000000e+00
-1.701119148385784596e+00,-1.763310680861095658e+00,-6.109769869522628793e-01,1.707413752788937478e+00,0.000000000000000000e+00
2.837125574448224441e+00,-2.638192644777134888e+00,-7.024316022689703898e-01,3.659867011029751538e-01,2.000000000000000000e+00
-1.491474061689822772e+00,2.896867170416094872e+00,7.400888614718152958e-01,-7.850742848090893622e-01,1.000000000000000000e+00
-5.181895969504921595e-01,-6.395125385129907247e-01,4.293861556706801141e-01,2.085127450927038995e-01,1.000000000000000000e+00
5.649354371556456478e-01,-5.048793910399951290e-01,-6.176840044986863232e-01,-2.478571509345204038e-01,2.000000000000000000e+00
9.654661500094918747e-01,-1.132403269794133083e+00,-1.243428973355526823e+00,1.665021622951669000e-01,2.000000000000000000e+00
-8.563235175095096352e-01,9.452177048281856786e-01,-2.313920604920866597e-01,-6.633574416656721207e-01,1.000000000000000000e+00
1.984808188543591090e+00,-1.743393721616111502e+00,-3.918865196250403415e-01,-5.441423629127627448e-01,2.000000000000000000e+00
-1.458227084436217069e+00,2.187656864499699871e+00,-1.782661981311942645e-01,-2.529350235239938294e-02,1.000000000000000000e+00
1.004949632707565765e+00,-1.009016474741386782e+00,-7.246823330681338993e-01,-2.142084084989279158e-01,2.000000000000000000e+00
-1.360135992235116387e+00,2.894134780465682955e+00,9.240888066862880390e-02,8.411500597825193326e-01,1.000000000000000000e+00
-8.594530412614003190e-01,8.931676543805521229e-01,1.722557333574618044e-01,-4.109874780183777054e-01,1.000000000000000000e+00
-5.523256211053828579e-01,4.668808000656001767e-01,-1.678228122665890443e-01,-6.924901842188431467e-02,1.000000000000000000e+00
2.913498702332493195e-01,-2.596182207538931808e-01,-1.650880478145200225e-01,-5.079494461601621880e-02,2.000000000000000000e+00
9.167794567238208847e-01,-7.928335032829598727e-01,-1.114229612048087459e+00,-6.219513112858773285e-01,2.000000000000000000e+00
-1.233868276124903129e+00,2.869019464310344159e+00,1.135775610190183471e+00,1.672506379680400723e+00,1.000000000000000000e+00
-1.066416023612281716e+00,8.231183892649351908e-01,-8.567301647423400390e-02,1.762568407631693645e+00,1.000000000000000000e+00
1.189340818604622374e+00,-1.347183129706419846e+00,5.566218332914563138e-01,-7.037774143464098353e-01,2.000000000000000000e+00
1.634592555793236812e+00,-1.485492608004511217e+00,8.764694352033358671e-01,8.734211555295828822e-02,2.000000000000000000e+00
-4.553363287501625001e-01,-3.462175126370711231e-01,4.341984253416816264e-01,-4.099089036766841443e-01,0.000000000000000000e+00
-9.440401433000732423e-01,-1.018072079164775268e+00,1.659466835024596465e+00,1.645571628560962008e-01,0.000000000000000000e+00
-2.360964942652311827e+00,-1.879511312797539357e+00,-7.025707016072325894e-02,-7.601693113722088890e-01,0.000000000000000000e+00
-8.447851791360131424e-01,7.632986525767426755e-01,1.160045522133891005e+00,1.444084640219519822e-01,1.000000000000000000e+00
2.361980566675270232e+00,-1.955865991289863270e+00,6.716494099559157105e-01,-8.183638169040533539e-01,2.000000000000000000e+00
1.747526575393410386e+00,-2.001374711220363256e+00,-1.239797263389456061e+00,-3.046668364564407705e-01,1.000000000000000000e+00
9.889782800538964302e-01,-1.047857141810773829e+00,-3.687369407710856528e-01,-7.817084487479096788e-01,2.000000000000000000e+00
-8.012798432074530464e-01,7.476161228767337352e-01,6.334358361248987324e-01,9.424378040298340142e-01,1.000000000000000000e+00
1.816510212759902210e+00,-1.841406590185423964e+00,9.564336213624491378e-01,-9.079465798864168047e-01,2.000000000000000000e+00
-5.950985596546973788e-01,-4.148254193905067666e-01,3.818648438250313304e-01,-4.744903540879541470e-01,0.000000000000000000e+00
-7.918292672941148469e-01,1.124822485122636273e-01,2.011850823752418110e-02,-3.681746191597158879e-01,1.000000000000000000e+00
2.709115714191787205e+00,-2.335986268816926170e+00,6.768147022091092202e-01,3.168205242632887025e-02,2.000000000000000000e+00
-2.176763766072119743e+00,-1.912197895094780442e+00,-1.721851397811310802e+00,-1.889504364473675979e+00,0.000000000000000000e+00
-9.355507039973472994e-01,-1.502153911143462750e+00,8.191019411046375209e-01,1.898726221311399509e-01,0.000000000000000000e+00
-1.022529567569572251e+00,-2.844087838716035099e-01,3.861767521140259674e-01,2.010931296266945945e-01,0.000000000000000000e+00
6.679072353203094892e-01,-8.177050208401394071e-01,1.328016347607298808e+00,8.404446876740950811e-02,2.000000000000000000e+00
1.858299240248226791e+00,-1.738255400850104770e+00,2.693541122235804108e-01,1.452537973171330377e+00,2.000000000000000000e+00
-8.516797070152885007e-01,-7.471705541373718784e-01,6.380985834818252433e-01,6.297982776957947726e-01,0.000000000000000000e+00
-7.169475196919214977e-01,-4.916393424848747307e-01,-1.606986631992950720e-01,1.458010657673988852e+00,0.000000000000000000e+00
-2.510113323514133743e-01,-1.914293618560425347e-01,8.289514014172079115e-01,-3.837072375064525254e-01,2.000000000000000000e+00
-8.929624514936854718e-01,1.088814449601295031e+00,8.533092404516831042e-01,-4.144070623723996039e-01,1.000000000000000000e+00
-1.025105283734153661e+00,1.606813539575564498e+00,-3.352286481833396392e-01,-1.223668332286782290e+00,1.000000000000000000e+00
-7.964688921211775519e-01,9.792071350785619410e-01,1.587269234110116223e+00,-2.824901635025220403e-01,1.000000000000000000e+00
5.445498422646586345e-01,-4.281154105206180782e-01,-6.469566296082585044e-01,-3.477631802089980462e-01,2.000000000000000000e+00
1.075940588283064159e-02,-1.468549824515622548e-01,-1.670083565443136742e+00,6.087789266465395421e-01,2.000000000000000000e+00
-6.382453773222229731e-01,-8.793896760988502148e-01,-1.586174750244286669e+00,-1.889222769835011695e+00,0.000000000000000000e+00
-6.722252096740444216e-01,-8.518729220020058168e-01,-1.508289259691683482e+00,-1.090433180230155452e+00,1.000000000000000000e+00
-7.183869080088172154e-01,-1.211942760672368502e+00,-7.399211862796835071e-01,-1.680952577545728743e-01,0.000000000000000000e+00
1.019006986568137485e+00,2.163028350272947264e+00,-7.921525626773769924e-01,2.826837861355864789e-01,0.000000000000000000e+00
-4.749072480589561218e-01,-9.510107928678067646e-01,-7.587129075215459650e-01,4.801033635272719535e-01,0.000000000000000000e+00
-1.366920338968010018e+00,1.589083884070249475e+00,1.439554598911048977e+00,3.059219474417841367e-01,1.000000000000000000e+00
-8.084094313679075494e-01,1.630047979882990994e+00,6.734386956783287859e-02,3.433474065150906029e-01,1.000000000000000000e+00
-1.708684820502335278e+00,-1.622717720268481045e+00,2.095344527718121519e+00,6.543699002701611755e-01,0.000000000000000000e+00
-2.227897548981066844e+00,1.774327694418903700e+00,9.945342545778538268e-01,3.457840256500269160e-01,2.000000000000000000e+00
7.951562946811645549e-01,-7.552713878623731336e-01,1.648576219735130022e-01,2.550784106981841326e+00,2.000000000000000000e+00
1.038767073327196089e+00,-1.068976641824031182e+00,1.211207937967289761e+00,4.484275267462196624e-01,2.000000000000000000e+00
-1.249876939110108331e+00,-5.194311835898435259e-01,-4.342444966510438653e-01,-1.110652830418668024e+00,0.000000000000000000e+00
-1.174077931992715262e+00,1.555674468457389326e+00,7.961557907824022839e-01,1.552352198180187770e+00,1.000000000000000000e+00
8.112746145525724373e-01,-7.820837475856269316e-01,1.022049175049396075e+00,-1.462158097325745088e+00,2.000000000000000000e+00
-1.000692565333876960e+00,-7.510318876519456177e-01,7.401407586989435794e-01,2.304864753441822955e+00,0.000000000000000000e+00
-1.117369375371193296e+00,2.024282551327512003e+00,1.313169620510075131e+00,-3.456480567793220327e-01,1.000000000000000000e+00
-8.000911517046032095e-01,-5.154188321879432655e-01,2.118333460351792041e+00,1.408972026383642495e+00,0.000000000000000000e+00
-7.454159139607297035e-01,-6.782395777737543208e-01,-1.241137966725516462e+00,1.750913609104757518e-01,0.000000000000000000e+00
2.413073390072158375e+00,-2.402751413896234034e+00,-9.086522186620652475e-01,3.936329166839269700e-01,2.000000000000000000e+00
2.266888864476203302e+00,-1.912297824441191008e+00,-1.074345443839959335e+00,3.845391091942675366e-01,2.000000000000000000e+00
-8.804666338361077926e-01,7.162297335403904341e-01,1.617081572718918947e+00,-1.187041155311520768e+00,2.000000000000000000e+00
1.251857043596410479e+00,-1.452269433274254951e+00,-3.291679420242434873e-01,-2.961352600643635258e-01,2.000000000000000000e+00
-6.747927382775524840e-01,1.839604481108978451e-01,4.011980723069052401e-01,-1.060128694773966540e+00,2.000000000000000000e+00
-1.170085420112030983e+00,-9.819596721969550135e-01,-1.439031420451506671e+00,-9.961724067813501060e-01,0.000000000000000000e+00
-1.349155528272181659e+00,-8.800344079667627994e-01,8.762306631541378898e-01,-4.902440437992312550e-01,0.000000000000000000e+00
4.293203845200377344e-03,1.140537705772503685e+00,4.747944802766940198e-02,-6.073651119871336101e-01,0.000000000000000000e+00
5.231690906418005049e-01,-5.954715386748881123e-01,-1.102959335588841044e-01,-4.752521131418733780e-01,2.000000000000000000e+00
-6.759825988951011499e-01,3.883677064018358216e-01,-2.109840025653469731e+00,-2.044057780888136888e-01,0.000000000000000000e+00
-1.271962339397664454e+00,1.125807823288253129e+00,3.916856707241631042e-01,5.703099005048689607e-01,1.000000000000000000e+00
2.925085263444622274e-01,-2.259279125405714295e-01,-4.189253622278273914e-01,-4.786735491999036252e-01,0.000000000000000000e+00
-4.697861625935955132e-01,-5.675281383547867708e-01,-1.870703125292883406e+00,-5.451694680006833327e-01,1.000000000000000000e+00
-8.233418871341665612e-01,-1.406457804272704948e-01,4.752195695971902500e-01,3.341259870197321180e-01,1.000000000000000000e+00
-1.084150307763432464e+00,-1.238829446121604061e+00,3.724094972951859650e-01,-3.408576140750450567e-01,0.000000000000000000e+00
-6.806781955111507187e-01,8.826325114128683591e-01,2.071340399419499878e+00,1.968022878378013374e+00,1.000000000000000000e+00
8.834941136113588778e-01,-6.620017659128873966e-01,1.242005982097273531e+00,-1.488491864736928016e-01,2.000000000000000000e+00
-3.860186113208143865e-01,-7.080737048181011684e-01,3.109635350406959375e+00,-3.680851479366512580e-01,0.000000000000000000e+00
-3.853723155663764111e-01,-8.798417129636881828e-02,5.883894213673240836e-02,-1.867480024206835676e+00,2.000000000000000000e+00
9.099385396851584762e-01,1.643113533019107120e-01,1.491533282668492166e+00,-2.356301292960787108e-01,0.000000000000000000e+00
-8.998933113852460863e-01,1.133877739245437111e+00,1.295918934854824123e+00,7.208658262090940072e-01,1.000000000000000000e+00
3.612438493361578296e-01,-5.153656025670381169e-01,1.817726604622478481e+00,-1.615339407007021777e-01,2.000000000000000000e+00
-6.642515137824041016e-01,2.793716145122628891e-01,3.223862208120475414e-01,1.108549167175562067e+00,2.000000000000000000e+00
-1.362569524453479675e+00,5.054663345428196397e-01,1.321717387916273578e+00,1.412861985604512816e+00,1.000000000000000000e+00
1.054265514932397618e+00,-1.159849944488372531e+00,2.153441153184298962e+00,-2.664635297650492785e-01,2.000000000000000000e+00
-1.336762880816515286e+00,-1.026358080888310598e+00,2.369009735639273154e-02,-2.096986276715678610e+00,0.000000000000000000e+00
-8.098445312051949507e-01,-6.167572425632411592e-01,3.153589234836646771e-01,-3.252064420888287066e-01,0.000000000000000000e+00
-8.001443374496913785e-01,4.870926888156348333e-01,-5.055462865777261838e-02,2.171043069209353416e+00,1.000000000000000000e+00
1.448848093497167699e+00,-1.516643931622098318e+00,4.873273740611487326e-01,-1.244182999570327075e+00,2.000000000000000000e+00
-1.312156158132173234e+00,1.849132696167442358e+00,5.576661640479296800e-01,-3.858503519708422758e-01,1.000000000000000000e+00
-7.536528062122722638e-01,-9.281429441420965265e-01,-3.002271019907044036e-01,1.837116189338406091e-01,0.000000000000000000e+00
-8.466893228414071881e-01,4.326746023829521892e-01,4.136135658170584928e-01,1.560775317785718652e-01,1.000000000000000000e+00
1.133285354416369906e+00,-1.092633462605379080e+00,1.433545581797363855e-01,6.716661637650328531e-01,2.000000000000000000e+00
-1.061458564958827067e+00,8.724215650219049323e-01,-4.929016672539751620e-01,9.581879791882099706e-01,1.000000000000000000e+00
-1.651897258759029263e+00,-1.604291802054396587e+00,7.647054844045779731e-01,-3.665833311290609894e-03,0.000000000000000000e+00
1.617977447549085568e+00,-1.582702130816505903e+00,8.893864417154209168e-01,7.059271815116999749e-01,2.000000000000000000e+00
-5.417517579644826053e-01,-1.238039422567567271e+00,-1.611401667894682976e+00,5.973709182589554967e-01,0.000000000000000000e+00
-2.080142624771420756e+00,-1.505510212834040518e+00,-2.339440410200279430e-01,5.719097121624452384e-01,0.000000000000000000e+00
-8.010177575907518888e-01,1.277594101942213900e+00,9.449449313244787652e-01,-1.139797114601107803e-01,1.000000000000000000e+00
-6.652122069824593087e-01,1.630417857882586752e+00,1.197646134012041008e+00,1.764119469702359666e+00,1.000000000000000000e+00
1.559829739836931850e+00,-1.636751200820673269e+00,2.133776076263861565e+00,8.110530618480461529e-01,2.000000000000000000e+00
-2.000005651917998950e+00,-1.861978236600416725e+00,1.108160067362305323e+00,2.199464664001258424e-02,0.000000000000000000e+00
-1.417231668072222117e+00,1.278305548634513178e+00,1.580285179925412731e+00,-1.260191330435231016e+00,1.000000000000000000e+00
-1.147090057757744752e+00,1.788288913407247271e+00,9.228132081044030377e-01,-3.167683450565486614e-01,1.000000000000000000e+00
-1.025832573395910163e+00,6.651923373837415054e-01,-2.963362836998232330e-01,-5.396980397085666681e-01,1.000000000000000000e+00
-1.105992664732264652e+00,3.543201962620176060e-01,-1.897420747892611503e+00,-1.852585770460115910e-01,1.000000000000000000e+00
7.236233608245223881e-01,-7.193992493665920529e-01,1.447415426182047660e-01,-2.569458331707608956e+00,2.000000000000000000e+00
-9.047880830480581338e-01,1.682860146385128708e+00,2.647779336960165431e-01,-1.054372202120590574e+00,1.000000000000000000e+00
-5.028434544310029786e-01,2.922471488473068479e-01,6.620435304010928446e-03,7.648091403667154342e-01,0.000000000000000000e+00
-1.188829054619134240e+00,-2.738394221472487011e+00,4.323266506268889087e-01,-9.067375775382376935e-01,0.000000000000000000e+00
-1.329568383310480328e+00,-1.945856610333897674e+00,-3.895682056785871317e-01,1.040698952766787810e+00,0.000000000000000000e+00
1.144804001723714215e+00,-1.082728201272027180e+00,-8.606082116903445156e-01,-1.345016662132108465e+00,2.000000000000000000e+00
-3.336350252491300239e-01,2.606370376918019094e-01,4.241654448046510706e-01,-3.904131495690663090e-01,1.000000000000000000e+00
2.582494918703857056e-01,-7.336174242650082000e-01,3.478283868111813892e-01,6.854480774980259428e-01,0.000000000000000000e+00
2.343199056390104396e+00,-2.412835239102054885e+00,1.276832574578478985e+00,-1.325217792719627585e+00,2.000000000000000000e+00
-1.351229995737329714e+00,-9.162402104979224804e-01,1.830012216215366694e+00,7.264643091676329170e-03,0.000000000000000000e+00
-1.428472550135180930e+00,-1.245836458205572761e+00,2.499712360851184256e-01,-2.856621101325567125e-01,0.000000000000000000e+00
1.363604173145618548e+00,-1.565118444895680749e+00,4.309173591287547844e-01,4.051212816408697459e-01,2.000000000000000000e+00
6.276490270258565651e-01,-8.359608410897800823e-01,1.020068349312959421e+00,1.809185042931035214e+00,2.000000000000000000e+00
5.520558493361079622e-01,-8.427282112477726406e-01,6.164052789561269563e-02,1.273804048562066304e+00,2.000000000000000000e+00
-8.364939540521411088e-01,-1.006445657642168978e+00,-9.222382539247692135e-01,2.675792517150962085e-02,0.000000000000000000e+00
-2.373885297581608267e+00,-2.672514947610852509e+00,-8.928446636653477597e-01,7.066009400394595019e-01,0.000000000000000000e+00
3.024298623093057969e-02,-1.808432539618571866e-01,-1.076852708940268410e+00,-1.203935841012495622e+00,2.000000000000000000e+00
-3.030369798956314309e+00,-3.440354102265995806e+00,3.850863616276119505e-01,-4.057499048472583691e-01,0.000000000000000000e+00
2.169269959232793532e+00,-2.041623375115311667e+00,3.387287329362823618e-01,-4.510863102226869009e-02,2.000000000000000000e+00
-3.193194582753753341e-01,-5.960980975974032869e-01,-7.104141028355746013e-01,-8.103988237632764324e-01,0.000000000000000000e+00
-1.475374818811439059e+00,6.534967753644942423e-01,-8.074305381275750371e-01,-9.599054583417603315e-01,1.000000000000000000e+00
4.295414442960063361e+00,-3.714283134100067940e+00,-1.089760425261652399e+00,7.493338371828228706e-01,2.000000000000000000e+00
6.615225232079153805e-01,-6.431677720763960826e-01,-6.528550647723996292e-01,4.447192324566113381e-02,2.000000000000000000e+00
9.951823447630550046e-01,-8.704467156006803208e-01,-1.555331736508870799e+00,-1.186453685478521924e+00,2.000000000000000000e+00
-1.355411942527735780e+00,1.792573706336069606e+00,8.392407532009157345e-01,9.377871564277188154e-01,1.000000000000000000e+00
-2.243720306060730252e-01,3.911479587007371528e-02,6.721743756806497494e-01,7.650424560994989465e-01,2.000000000000000000e+00
4.168195504135134843e-01,-3.528978784386171963e-01,7.750320504850818359e-01,-9.890504350398051647e-01,2.000000000000000000e+00
-1.711685882376962731e+00,-1.203493987162197243e+00,1.120438096552347718e+00,-8.531689356791226642e-01,0.000000000000000000e+00
4.547141906526043220e-01,-3.066986554199557791e-01,8.410296980606171147e-01,1.957003581740470288e+00,2.000000000000000000e+00
-1.057409556919406635e+00,1.424975129551156350e+00,2.103882901629114066e+00,2.860169433430125308e-01,1.000000000000000000e+00
-2.077644562512192206e+00,-2.708596760005184123e+00,-4.245967436854538035e-01,-1.028551140109209561e+00,0.000000000000000000e+00
-9.282252232022537575e-01,-8.005322268778685135e-01,6.686243088864698425e-01,2.388913934559418362e+00,0.000000000000000000e+00
-1.265177011550601804e+00,1.066457936928013162e+00,2.089253517824594564e+00,1.029705722990299277e+00,1.000000000000000000e+00
-1.322697212596098959e+00,2.352793942034012709e+00,3.419136877095175775e-01,-6.673312822813761702e-01,1.000000000000000000e+00
4.071193749871804268e-01,9.868566581238211732e-01,-1.077499550116936877e+00,1.719957052964099065e+00,0.000000000000000000e+00
-7.864815891345939836e-01,-1.070847139033395345e+00,-6.519191171544244101e-01,3.818295026924128366e-01,0.000000000000000000e+00
5.043781799820686862e-01,-6.413316517813936191e-01,-6.842936580828957727e-01,1.796761977015488565e+00,2.000000000000000000e+00
-9.088317492755340066e-01,2.018724805014144419e+00,-1.204955651441791176e+00,-6.463752982375231548e-02,1.000000000000000000e+00
1.017458867564874359e-01,-2.594931991493827361e-01,3.950830585998769129e-01,-9.161102860088802258e-01,2.000000000000000000e+00
2.411488156071678546e+00,-2.439593269246848273e+00,-2.449485726449762701e-02,-5.077726826549363581e-01,2.000000000000000000e+00
-1.125924947721465230e+00,1.643148337165451611e+00,-3.583376903393198920e-01,-1.096994583772556570e-01,1.000000000000000000e+00
5.613921330767051021e-01,-8.869561969941173185e-01,-2.131521945579862187e+00,-4.123899771074437948e-01,2.000000000000000000e+00
5.958054910281784800e-03,-1.039926468934839754e-01,-7.613824407319749188e-01,-1.313388900468286059e-03,0.000000000000000000e+00
-1.004892873988632473e+00,-1.350058009551925231e+00,5.397854765202808602e-01,1.209135808487312724e+00,0.000000000000000000e+00
-5.725075531709216126e-01,1.722090114985943554e-01,-6.679936382765586655e-01,-8.214819749769188828e-01,1.000000000000000000e+00
2.449582159246967983e-01,1.145644940082815033e-01,1.551446787439516861e-01,-3.647544424365648519e-01,2.000000000000000000e+00
-5.748457399764628217e-01,-7.416774810752668756e-01,1.240844975330477551e+00,1.401842198734394751e+00,0.000000000000000000e+00
4.015681761133158556e-01,-2.336012699833993622e-01,2.426942047865389696e-01,6.919934211102783950e-01,2.000000000000000000e+00
-7.951968346788931274e-01,5.794997186227068831e-01,-1.783594799315694868e+00,-5.623654177184855829e-01,1.000000000000000000e+00
-8.329075011889628399e-01,3.792501819970532928e-01,3.960240613023701117e-01,1.029574487069476740e+00,2.000000000000000000e+00
-7.096327233223203024e-01,1.415877336281952115e-01,-2.757459716359815793e-01,1.231065034031760375e+00,2.000000000000000000e+00
1.280812112878625397e-01,-3.652715479622778982e-01,6.742820608319336495e-01,1.154716938138568461e+00,2.000000000000000000e+00
-1.509689228929979699e+00,-7.034479729202913756e-01,-5.581726184680367853e-01,8.416407443295628177e-01,0.000000000000000000e+00
-1.184993625480686541e+00,-1.649058852701013045e-02,1.399051323955458725e+00,-7.196657669006380209e-02,1.000000000000000000e+00
-1.249471723189803818e+00,1.802832530065755279e+00,-1.239233576258835789e+00,2.511214813564921045e+00,1.000000000000000000e+00
6.042970354804182431e-01,-7.539989021373505462e-01,1.178619887821736656e+00,-1.394905718961841679e+00,2.000000000000000000e+00
-1.444592513177851201e+00,-1.487608463561357341e+00,5.521901817602110907e-02,-1.744193509488761062e+00,0.000000000000000000e+00
-1.153860511897249808e+00,-6.526450294931470664e-01,6.509044595331959782e-01,-7.377010525597691437e-01,0.000000000000000000e+00
-3.210190955057334872e-02,-7.384007133405865453e-01,3.125635148964696963e+00,6.143575684023090400e-01,0.000000000000000000e+00
-9.634258966492353915e-01,1.587568274327362250e-01,1.273843932006952229e-01,-3.529993532697687786e-01,1.000000000000000000e+00
-1.966750400414870592e+00,-1.862238990782566717e+00,-1.908523084220827837e+00,8.353271395689392254e-01,0.000000000000000000e+00
-7.123554934564096941e-01,4.879856544466154578e-01,3.107395545951244231e-01,-7.441002136193984873e-01,1.000000000000000000e+00
-1.001164078381349798e+00,1.396432415242130354e-01,1.564850347940923703e+00,-1.100796980074195908e+00,1.000000000000000000e+00
-1.022573579367433760e+00,-4.243906402283988966e-01,-2.814389079830030282e-01,-8.450807337974340916e-01,0.000000000000000000e+00
-3.868396539936527212e-01,-3.642013633759700886e-01,-3.578370328936741340e-01,-2.110033478123573836e-01,0.000000000000000000e+00
1.837499091516421323e+00,-1.425739048719604662e+00,1.194437212759597161e-01,1.041066713311696423e+00,2.000000000000000000e+00
-7.733082462100280274e-01,-1.308170775346807702e+00,8.850746464833871840e-01,-8.341233021449704355e-01,0.000000000000000000e+00
-4.208638446791366228e-01,1.875714636103840149e-01,-4.159343080735403153e-01,1.199785906739256447e+00,2.000000000000000000e+00
-3.670310232438322995e-02,-4.920599278536483823e-01,-1.135339868846710676e+00,2.698046403795859548e-03,0.000000000000000000e+00
1.908818436830657994e+00,-2.007935552613363761e+00,-8.244687862932972289e-01,-1.401850798161296874e+00,2.000000000000000000e+00
1.787871241992863736e+00,-1.761766486400826004e+00,1.811067076246343499e-01,7.749450869612451998e-01,2.000000000000000000e+00
7.257484662130487818e-01,-7.994684114763199734e-01,-7.555572770677080330e-01,1.242878161737575926e+00,2.000000000000000000e+00
1.016923942008454373e+00,-1.040265268865059989e+00,-3.633802136741204336e-01,-1.954489772187842478e+00,2.000000000000000000e+00
-5.217581689057331218e-01,-6.750203920107085143e-01,1.097377569135804531e+00,-2.811708023220443331e-01,0.000000000000000000e+00
-7.960117191714218832e-01,1.515950185121401894e-01,2.710362061740767547e+00,-8.525586380170424583e-01,0.000000000000000000e+00
-1.101239746330739955e+00,6.874397083997143554e-01,-9.106031975678575696e-01,-6.158051778970814460e-01,1.000000000000000000e+00
-2.445626019032663967e-01,-9.297780819635732552e-01,2.901655322340250184e-02,1.917003010485333336e-01,0.000000000000000000e+00
-1.179670548565756372e+00,-1.447115471643759088e+00,5.057075199555000067e-02,-1.319215457572825212e+00,0.000000000000000000e+00
7.735826046756375529e-01,-2.970078095005869168e-01,1.032058380366844830e+00,-5.152852461064485468e-01,2.000000000000000000e+00
1.196001167539972876e-01,-3.851021590524509319e-01,1.836430730978509507e+00,7.622380341957406547e-01,2.000000000000000000e+00
1.040324230012263929e-01,2.573453842938182579e-01,-2.120441633164605655e+00,6.052134161579521276e-02,0.000000000000000000e+00
1.568299956912985405e+00,-1.444739913333466630e+00,3.679836960623251163e-01,-4.268130094608868497e-02,2.000000000000000000e+00
1.663163305175372253e+00,-1.467171799079849848e+00,2.081278896527812006e-01,1.315709771245106463e+00,2.000000000000000000e+00
5.754978318917409741e-01,-8.767857786010463395e-01,-3.246488568206653547e-01,-8.035337179568082799e-01,2.000000000000000000e+00
-1.037174128043599985e+00,-4.350573099040955238e-01,1.487942606466300832e+00,-1.605281519550994629e+00,1.000000000000000000e+00
-1.181772294345734720e+00,1.924569618454954334e+00,-1.240402482538093931e+00,-3.038649028357182091e-01,1.000000000000000000e+00
-6.272095602668315006e-01,-5.794720749553643468e-01,-6.923052342077857801e-01,-6.359711784609213270e-01,1.000000000000000000e+00
1.674028465553795364e+00,-1.885047275195282035e+00,-1.173210566902719992e-01,1.137676820547991463e+00,2.000000000000000000e+00
-1.041110335658129715e+00,-2.041220169174868371e+00,-1.750270311659883060e-01,-1.126608151877376285e+00,0.000000000000000000e+00
-1.354335161710511048e+00,-5.662461594920258356e-01,-5.005918971383690325e-02,4.334733933886640855e-01,0.000000000000000000e+00
-1.360964419785937851e+00,-1.490231868881493504e+00,-1.043927138793719012e+00,-1.172830670823735016e-01,0.000000000000000000e+00
-1.481442248275837148e+00,-1.789847967826115660e+00,-8.578899782626873138e-01,6.523780867584091370e-01,0.000000000000000000e+00
-9.073401264232058283e-01,-2.095930746451451387e+00,-2.542371360545721271e-02,-4.175973751702389825e-01,0.000000000000000000e+00
-1.112725264555875615e+00,6.680514370252979006e-01,-5.384587151848636566e-01,-3.213527699561276041e-01,1.000000000000000000e+00
1.613546095444522654e+00,-1.473774516759651210e+00,5.859864359048621019e-01,-1.069242672202669747e-01,2.000000000000000000e+00
1.208491927844009162e+00,-1.124058447533524463e+00,-9.360097378289921055e-01,1.732113185112107212e+00,2.000000000000000000e+00
-1.484693479655996740e+00,2.004522467729895396e+00,1.751967303927002950e+00,4.151600382105346543e-01,1.000000000000000000e+00
-1.201655307979083709e+00,1.340947474082694324e+00,7.078594389847359114e-01,4.101694508081462631e-01,1.000000000000000000e+00
4.882390587402909432e-01,-3.464389890439220077e-01,3.542273762411388138e-01,4.483061775844313090e-01,2.000000000000000000e+00
-1.677755101499656121e+00,-1.454108424085176487e+00,-2.193375386869426680e-01,5.377668813170434492e-02,0.000000000000000000e+00
-1.120397741839979755e+00,6.005278889477303483e-01,2.997504034865365319e-01,-4.578758221274248363e-02,2.000000000000000000e+00
-8.575871691152496812e-01,1.706216774614518483e-01,-1.848756439559789966e+00,2.693063777538580172e-01,1.000000000000000000e+00
2.780353740448735067e+00,-2.543228494706679221e+00,-1.833209584214357257e-01,-5.589744395780870123e-01,2.000000000000000000e+00
-9.621504161713952952e-01,1.027988801740691516e+00,-1.870844094740726105e+00,1.124645538470301354e+00,1.000000000000000000e+00
-1.501102913088550928e+00,-1.497870861106816776e+00,6.791058618983210338e-02,-3.665604321657184306e-01,0.000000000000000000e+00
2.408369864681802142e+00,-2.344981424984055707e+00,-1.284167839182456805e-01,2.004171485695705746e-01,2.000000000000000000e+00
-1.424040829516832751e-01,2.252055041441516359e-01,9.110619704996212320e-01,6.855236673450758322e-02,2.000000000000000000e+00
1.111824376848126406e+00,-1.221772482654429615e+00,8.986444947075308276e-01,2.217138469953304991e+00,2.000000000000000000e+00
1.182432100721748647e+00,-1.285987584480574153e+00,-9.083505301473382421e-01,2.147151765805924484e+00,2.000000000000000000e+00
-4.511790337916996574e-01,-4.551609248382123551e-01,-1.210131976161338496e+00,2.295963805404082070e+00,0.000000000000000000e+00
-8.919657974419941127e-01,1.194963521546003049e-01,-6.326859214279354493e-01,-8.093775569854328999e-01,1.000000000000000000e+00
-8.425794707513265536e-01,8.174792054300186184e-01,2.691516940587674114e-02,5.807171574650134005e-01,1.000000000000000000e+00
-1.326872746719082841e+00,3.134140206385735983e+00,-6.543168992230842251e-01,1.237675402843200212e-01,1.000000000000000000e+00
-8.804768947519274747e-01,4.543249522858384681e-01,9.332017110852275366e-02,-4.303100938766454830e-01,1.000000000000000000e+00
-1.029105496496554695e+00,8.294419977660205667e-02,-6.869202016869034866e-01,-4.466548295775251143e-01,1.000000000000000000e+00
-1.020422225931771676e+00,-8.110930755867523656e-01,2.713487533245302966e-02,-3.496410197842419465e-01,0.000000000000000000e+00
-1.704712888709140062e+00,-1.868264443122052754e+00,-1.107042214429166505e+00,5.803067122677769696e-01,0.000000000000000000e+00
-1.054180556138022640e+00,1.887501558179115246e+00,-5.441082699596656580e-01,1.636178327621614192e+00,1.000000000000000000e+00
-1.036366572459821001e+00,2.528365348673927038e+00,7.478368403067576775e-01,5.175313294139894937e-01,1.000000000000000000e+00
3.512516485683079726e+00,-3.328695005528844675e+00,1.188747010905034873e+00,-1.539720954428573041e+00,2.000000000000000000e+00
-1.809669306473905337e+00,-2.791279718285816891e+00,6.947053421168634113e-01,-6.063673284453124923e-01,0.000000000000000000e+00
5.977889931988566996e-01,-8.775266725346146934e-01,-9.210274419330270745e-02,-1.883978755954128781e-01,2.000000000000000000e+00
-1.467944242824401169e+00,1.111571535298067737e+00,-1.236659612583056456e+00,-1.588639050449536017e+00,2.000000000000000000e+00
-6.802396332636716503e-01,-4.971819242082983203e-01,1.602242643916397535e-01,3.658004207322817364e-02,0.000000000000000000e+00
-6.339760450780744794e-01,1.004694104860793136e+00,1.929671318625031162e+00,6.047647542910818963e-01,1.000000000000000000e+00
-1.106592483360057333e+00,1.077265957509581984e+00,-4.633929906546733757e-01,-5.277666902846596120e-01,1.000000000000000000e+00
-7.107041641522100495e-01,2.890647906884488139e-01,-2.385667604664495067e-01,6.142266117459699304e-01,1.000000000000000000e+00
-2.094290975706575963e+00,-1.832841648661533540e+00,2.211238672688511098e-01,-4.878145725373255193e-01,0.000000000000000000e+00
-6.701103599249376153e-01,4.763636352803606311e-01,-4.551912701338116374e-02,-1.081979218388182229e+00,2.000000000000000000e+00
-1.250212974800615884e+00,-1.669798302111481725e+00,-1.411405583463148705e+00,-9.202970497549350926e-02,0.000000000000000000e+00
2.806671834755698924e+00,-2.596702386645682203e+00,-4.186465317117115670e-01,4.366730443882153034e-01,2.000000000000000000e+00
-3.608436578817750817e-01,2.822710419536327286e-01,6.982002070192112608e-01,-9.636316533890931790e-01,2.000000000000000000e+00
1.996642829629733384e-01,8.444020838160253284e-01,-1.063549465195522181e+00,2.577900122417166706e+00,0.000000000000000000e+00
-3.856914876593694474e-01,-1.131551378982181832e+00,-6.214931204745733906e-01,8.925588622190316901e-01,0.000000000000000000e+00
-9.382732978205987617e-01,-1.395790658963274478e+00,-3.602979425548197834e-01,1.178505061725397152e+00,0.000000000000000000e+00
-1.863116933513425888e+00,-2.189397912904732735e+00,-8.517454094255586527e-01,2.478680715109032207e+00,0.000000000000000000e+00
-1.085390878081325727e+00,1.321430914662165002e+00,-4.745371105247246368e-01,7.063438366854578321e-02,1.000000000000000000e+00
-8.060811928733022658e-01,-7.456235482483590804e-01,5.067432902301080011e-01,-1.637655396785162587e-01,0.000000000000000000e+00
-2.125024752106816628e+00,-1.079268194037141138e+00,-4.635043409030262240e-01,2.327977747580612655e-01,0.000000000000000000e+00
4.375332122399040458e-01,-5.952877372815226220e-01,3.039214788031527337e-01,1.524032803030159089e+00,2.000000000000000000e+00
-9.018737783120152063e-01,2.152785223939894799e+00,3.936727661009367663e-01,-1.046010472964057580e+00,1.000000000000000000e+00
-7.955316848649792716e-01,1.579698351169357640e+00,4.719653640704571940e-01,5.384643382400315925e-01,1.000000000000000000e+00
-8.447359065973401027e-01,1.545783859807003502e+00,2.128301396782963928e-01,2.057204624319321218e-01,1.000000000000000000e+00
-1.708005429891226834e+00,-1.868800896030164971e+00,1.929875414036914316e+00,9.601058213354586313e-01,0.000000000000000000e+00
-5.032834596190034482e-01,2.924048183386314115e-01,3.704727933793549033e-01,-8.974323828566441730e-01,2.000000000000000000e+00
-7.514283540328854372e-01,-1.273441247883404293e+00,-8.766771606751544432e-01,3.577869590033970759e-01,0.000000000000000000e+00
1.978809553345795891e+00,-1.926668263200039810e+00,-8.728734316187377607e-01,-6.798045301253150541e-01,2.000000000000000000e+00
1.902652995116160373e+00,-1.868754599627333590e+00,-2.968382699098536248e-01,-1.120489430278705234e-01,2.000000000000000000e+00
-4.474593970841178603e-01,4.603286144777047895e-01,-2.277986170048388048e-01,2.769381361614766182e-02,2.000000000000000000e+00
-1.747365367902559141e+00,-1.698863485146451469e+00,-1.989543221211290236e+00,2.956177553344714881e-01,0.000000000000000000e+00
-1.309701455466203202e+00,5.619655000600374262e-01,4.334354727442633060e-01,-1.055287903651656700e+00,1.000000000000000000e+00
-7.624080447296572860e-01,-5.663039399857627831e-02,5.780726222448056006e-01,2.525529212512196864e+00,0.000000000000000000e+00
-6.913776552004056164e-01,5.211935146861182977e-01,1.190824317581936631e+00,9.117144920710013034e-01,1.000000000000000000e+00
1.356695913069771997e-02,-1.063680785497874703e-01,6.282178729795443450e-01,7.016674658076201831e-01,2.000000000000000000e+00
-8.223927459179862787e-01,1.824422703593281625e+00,1.214784379832953398e+00,9.631778854387600397e-01,1.000000000000000000e+00
-6.167296575264678005e-01,-1.362577986147151421e+00,-1.656116521610078163e-01,1.357696738440467898e+00,1.000000000000000000e+00
-9.963123122109953655e-01,1.600224862629736400e+00,2.546166807114456088e-01,-1.049998684858672204e+00,1.000000000000000000e+00
-1.002373280356335661e+00,3.654802868029259910e-01,5.183659778572737020e-02,-9.543871393005730619e-01,1.000000000000000000e+00
1.112572617772435324e+00,-1.037890494777941264e+00,-1.257209134895542535e+00,-3.198166671673106087e-01,2.000000000000000000e+00
-1.830110321855440869e+00,-1.330524001668345502e+00,5.019653183645825800e-01,-8.948608726613148379e-02,0.000000000000000000e+00
1.392958995008918288e-01,-4.474339539011825684e-01,4.426019429930211913e-01,-9.841762257860102725e-01,2.000000000000000000e+00
-1.085290983907917228e+00,1.353241716836549147e+00,-2.677330043205403687e-01,-7.498050034792572704e-01,1.000000000000000000e+00
-1.159361646270954171e+00,1.985074956457894668e+00,-9.858043044946903644e-01,-8.200196116096560850e-01,1.000000000000000000e+00
-7.955956620504880394e-01,-3.337497582378620153e-01,2.152767955988206180e-02,-1.068097683296281408e+00,0.000000000000000000e+00
8.784352046050680762e-01,-9.709963848816557386e-01,2.772050917287883776e-01,-2.334046745631477293e+00,2.000000000000000000e+00
2.119817806632159130e+00,-1.780319213401057254e+00,2.814329709607391039e-01,-4.404689184664356549e-02,2.000000000000000000e+00
-6.380077386734137601e-01,-1.481493914433271719e-01,-8.714292763347854243e-02,6.312699898728300063e-01,1.000000000000000000e+00
-1.099621707443836138e+00,1.594426276574605339e+00,7.783528202732593604e-01,-6.536297319877492074e-01,1.000000000000000000e+00
-1.427909876026299152e+00,-1.156602948422309041e+00,6.121652036774995892e-02,1.393763176321790809e+00,0.000000000000000000e+00
-1.382443512634231597e+00,-1.250541531534668849e+00,8.635280074720504961e-01,-1.416757446715020130e+00,0.000000000000000000e+00
-6.092935626784217185e-01,-6.635033911403640516e-01,1.320872772983629151e+00,-6.746149597982908919e-01,1.000000000000000000e+00
-1.826736814493717720e+00,-1.949543737466207016e+00,-5.491267575225652342e-01,-6.916284672470954797e-01,0.000000000000000000e+00
-1.677148693865322393e-01,-4.773260507239962536e-02,6.325789918694587621e-01,3.485794102195173827e-01,2.000000000000000000e+00
-9.039498968289740866e-01,-1.420049595184685209e+00,-2.178919562288109901e+00,-1.088442073673699051e+00,0.000000000000000000e+00
1.929668708191445869e+00,-1.990006045402951340e+00,8.773320648505773534e-01,-9.783263150562643284e-01,2.000000000000000000e+00
-8.101963251439058267e-01,-2.371272333252846254e-01,5.679619039092128618e-01,4.583416206899286749e-01,0.000000000000000000e+00
-4.346837980471196516e-02,2.799792089856079080e-02,3.285135206005782016e-02,6.667516134294498853e-01,2.000000000000000000e+00
1.643501036340039079e+00,-1.359959789110310568e+00,1.083019808024488606e+00,2.336105169653695732e-02,2.000000000000000000e+00
-7.086870308182591227e-01,-1.390559333915863949e-01,-7.765090260755441731e-01,-1.240027057082963236e+00,0.000000000000000000e+00
-9.448193883604500964e-01,1.759074376969387066e+00,3.120285634559368804e-01,-8.236413851741829495e-01,1.000000000000000000e+00
6.451087322913994226e-01,-6.589485783821821263e-01,1.470279951802613061e+00,7.791278729368807943e-01,2.000000000000000000e+00
-1.417505157786247416e+00,-9.331025588047119346e-01,-5.056281368553066091e-01,-2.858929960017152910e-02,0.000000000000000000e+00
-6.952498245140794619e-01,-1.195103397765031605e+00,4.579966414982766798e-01,-1.138802997549870494e-01,1.000000000000000000e+00
-4.861712897405698897e-01,-4.216929718308719544e-01,5.237593100022031739e-02,-5.260839807913462174e-01,0.000000000000000000e+00
4.646706233703545852e-01,-5.428102592192568521e-01,3.233160031348655816e-01,-8.672252412745876660e-01,2.000000000000000000e+00
-1.475259824295739319e+00,1.531811564082225408e+00,9.485342486670418349e-01,-3.192905935676758622e-01,1.000000000000000000e+00
1.051498241888680907e-01,-1.938531859793211076e-01,2.035703060212517901e+00,-7.663148566790257687e-01,2.000000000000000000e+00
-3.527268887360233141e-01,5.273800773835437550e-01,-9.057307549510624778e-01,3.095097950930169456e-02,0.000000000000000000e+00
-1.059232666184850347e+00,7.567662730869935128e-01,9.744703792416146149e-01,-3.880898411336608067e+00,1.000000000000000000e+00
-5.562691412332390062e-01,-2.018808295044900447e-01,2.205224979871943658e-01,-1.324424718638177234e+00,0.000000000000000000e+00
-1.577731619890908821e+00,-1.940573094772783058e+00,2.529584958833304698e-01,-1.371260713955524402e+00,0.000000000000000000e+00
-6.215568713655585942e-01,-6.739998907553284013e-01,6.638579615549532464e-01,1.165535837985361756e+00,1.000000000000000000e+00
-9.606440351446162706e-01,1.095422233171139847e+00,-2.612790904125318558e+00,7.058803308534898902e-01,1.000000000000000000e+00
-1.101257744780132830e+00,1.918804420765122920e+00,-3.813007645102813037e-02,-2.080322260225538678e+00,1.000000000000000000e+00
-9.043144668507211437e-01,8.186294738626704870e-01,-2.192092376677313159e-01,1.608318815190554973e+00,1.000000000000000000e+00
7.062158028714640157e-01,-8.129597908574202059e-01,2.188139319841900576e+00,-1.712097277233081805e+00,2.000000000000000000e+00
4.917114867465102179e-01,-4.213425488599995550e-01,-1.109419711873243841e+00,-1.098942810859580455e+00,2.000000000000000000e+00
-1.413175293291629497e+00,1.603039240427765577e+00,-3.974720607662354799e-01,-8.382295676107720528e-02,1.000000000000000000e+00
-7.713003591510014800e-01,-5.345360945544423981e-01,-2.241590163167499483e-01,2.914954295020472097e-01,1.000000000000000000e+00
-1.495975553967031635e-01,-5.611796351552613693e-01,2.229005270739214950e+00,1.630658870657755832e+00,0.000000000000000000e+00
-2.254274762232611806e+00,-2.361456403044535968e+00,-7.503271998217945216e-01,8.783289916837053179e-02,0.000000000000000000e+00
-2.556786274276575899e+00,-3.339615072726807909e+00,-6.607308160886369297e-01,1.047711454943438536e+00,0.000000000000000000e+00
-3.202950011909961869e-01,3.382619496216536792e-01,7.654899502535210676e-01,7.006001855655317190e-01,2.000000000000000000e+00
-1.764864294450328330e+00,-1.783444059791982950e+00,5.151203807540198909e-01,7.629206807292104875e-01,0.000000000000000000e+00
1.260271075388030626e+00,-1.339970712319350055e+00,4.077343019970478544e-01,2.486724504942266767e-01,2.000000000000000000e+00
-1.384947027640332617e+00,1.161571910784146455e+00,-1.209799492548283700e-01,5.271827449651134666e-03,1.000000000000000000e+00
1.293112391442448494e+00,-1.244457720494277053e+00,6.703941265404708139e-01,1.252403675461811305e+00,2.000000000000000000e+00
-1.410200879792269824e+00,2.355209369339557046e+00,-1.584658748361232661e+00,-1.908579100539438966e-01,1.000000000000000000e+00
-1.709659904380306461e+00,-1.723557958777852450e+00,-1.567716735981294462e+00,-1.770871958154725867e+00,0.000000000000000000e+00
-7.533193675526070887e-01,-7.708474963239475564e-02,-8.636711320523665636e-01,7.188057611422220550e-01,1.000000000000000000e+00
-7.871204258057666880e-01,-1.057475367787064080e-02,1.176346581794622814e+00,8.440837950928912203e-01,1.000000000000000000e+00
-2.597290872879002954e+00,-2.666191234861245540e+00,7.787187664892314398e-01,9.995919149953225169e-01,0.000000000000000000e+00
1.429508619083734944e+00,-1.435229448961588439e+00,4.052314663813858520e-01,1.456139242371103037e+00,2.000000000000000000e+00
-1.423379451086027814e+00,1.224788801180453746e+00,9.263334475571541327e-02,1.256431940301107504e-02,1.000000000000000000e+00
-8.578919369275285201e-01,-7.123523622056007198e-01,6.836028225972116124e-01,-4.986065665438395023e-01,0.000000000000000000e+00
-7.042696750706198827e-01,5.481302751481715863e-01,-3.689251095180910989e-01,-1.501585750740198399e+00,1.000000000000000000e+00
-1.770622325984326562e+00,-1.591658664591361738e+00,-1.090075713600904050e+00,1.069111150207924021e+00,0.000000000000000000e+00
-7.808348715215560620e-01,7.753253416086662853e-01,-8.038880300555153458e-01,1.949456941503467100e-01,2.000000000000000000e+00
-7.303375629560900917e-01,-9.562602590855514562e-01,2.990687378354516257e-01,8.795335048905994491e-01,0.000000000000000000e+00
-9.580245677333550924e-01,1.445100866101221904e+00,1.714323237363355013e+00,-1.833933053770598898e-01,1.000000000000000000e+00
1.335350637098972060e-01,-2.818612211215579810e-01,1.222252241925616767e+00,-2.650718569446505191e-01,2.000000000000000000e+00
-5.408823090425601832e-01,2.190741038030236121e-01,-1.761213310852474123e-01,1.211116288099381100e+00,1.000000000000000000e+00
-7.064293614011443179e-01,1.921476634605348011e+00,-1.708937163529769820e-01,4.850111486734250965e-01,1.000000000000000000e+00
-1.080459523436548608e+00,9.823993025938830836e-01,-8.935585462133502910e-01,-9.976396109124447964e-01,1.000000000000000000e+00
-1.549142709673442031e+00,-1.621366135258798469e+00,9.697981607839775142e-01,-6.393255052447047726e-01,0.000000000000000000e+00
-7.133307701766370412e-01,3.014748315545041635e-01,5.523345698622447175e-01,-6.703181113768811317e-01,0.000000000000000000e+00
-2.432451394399306466e+00,-3.097338298837830628e+00,-5.567009825683705282e-01,4.474737237164766457e-01,0.000000000000000000e+00
-1.115816084717886625e+00,1.593279973026919816e+00,-6.810201572236640466e-01,-6.351549661597865049e-01,1.000000000000000000e+00
-2.099153161611736262e+00,-2.201191923620706703e+00,-9.966018297104684009e-01,-4.042879655448045617e-01,0.000000000000000000e+00
2.446140256555340287e-01,8.477815634959751101e-02,-1.254673830428252534e+00,3.448579057382745172e-01,0.000000000000000000e+00
-2.439929410534093179e+00,-1.671871025269335842e+00,1.516718326911955295e+00,-1.487660607924351286e+00,0.000000000000000000e+00
1.652391590841921776e+00,-1.148379125093141440e+00,3.826627262272243035e-01,6.585002902138842318e-01,2.000000000000000000e+00
-1.010178020555399625e+00,-9.663106105963131798e-01,-7.675489418365578631e-01,1.817089483087206969e-01,0.000000000000000000e+00
-8.305300181463581843e-01,1.895182218426653131e-01,1.066227671241592789e+00,9.198613265920246862e-01,1.000000000000000000e+00
-1.272660024996605799e+00,-6.026155469205466408e-01,2.020994225350659868e+00,-1.782775693575467280e+00,0.000000000000000000e+00
-1.353912513458170652e+00,7.112959172221009485e-01,1.836981745663789800e+00,-4.090625571402679850e-02,1.000000000000000000e+00
1.220052579165442852e+00,-1.073077669394705946e+00,6.800761024699103485e-01,-5.288023483216494069e-01,2.000000000000000000e+00
7.728040216587930278e-01,-6.070305494850793959e-01,7.814628916556282112e-01,2.013381792235001466e+00,2.000000000000000000e+00
-1.057117899446774478e+00,9.098736332390245929e-01,1.935043937307919570e+00,-8.929768107587857662e-01,1.000000000000000000e+00
-1.436368671415943599e+00,-1.108381130743517629e+00,-1.569013632960251314e+00,-1.528612611490218036e-02,0.000000000000000000e+00
-9.434944312270295841e-01,-3.913549708000063632e-01,1.930978876606872507e-01,-1.442627455418544480e-01,0.000000000000000000e+00
-6.942406361087716249e-02,-8.764294631879343545e-02,1.678209668413213729e+00,7.674442387335730364e-01,2.000000000000000000e+00
-9.240395762420713366e-01,5.223548800735242637e-01,4.803082204424906632e-01,2.093100838504828309e-01,1.000000000000000000e+00
1.245193603982496455e+00,-1.076664169278590100e+00,-3.624907493014883353e-01,1.499758223577586591e+00,2.000000000000000000e+00
-8.620977961739696438e-01,2.850358187852909397e-01,-1.139341167133295141e+00,-1.507922405594072091e-01,1.000000000000000000e+00
-9.593167734731360419e-01,1.184722725763619255e+00,1.830009113813019672e+00,8.379682622990767271e-01,1.000000000000000000e+00
-1.045816346733369873e+00,3.944353007172218817e-03,-1.870784425590629185e+00,-1.027925871764220567e+00,1.000000000000000000e+00
-1.115515094189802880e+00,9.215005650110507096e-01,-2.424003451585637237e+00,9.081568047560413248e-01,1.000000000000000000e+00
-8.818893482922895988e-01,-1.021239679292476055e-01,-9.686513965922572966e-01,-4.955874612023267733e-01,1.000000000000000000e+00
-1.884263446048688451e+00,-1.161081014169319525e+00,-1.437848074317224167e+00,-1.511218809412339326e+00,0.000000000000000000e+00
8.455852346503900385e-01,-4.898733840145491625e-01,-8.877504004300187379e-01,-9.765244408971424095e-01,2.000000000000000000e+00
-9.589977262726354645e-01,7.482841885153100892e-01,2.139230334203660877e-01,1.209025225694698502e+00,1.000000000000000000e+00
-1.503519734623046666e+00,-2.601158971023385114e+00,5.726910249947310128e-01,-1.276287667559155570e-01,0.000000000000000000e+00
3.134924639268668045e-01,-3.038559326758853985e-01,-1.079842907172048561e+00,-6.495941486260352615e-01,2.000000000000000000e+00
2.926685488956293213e-02,-1.970934665020085408e-01,-8.542281531544925199e-01,3.113155660049501394e-01,2.000000000000000000e+00
-1.529629841155007330e+00,2.965717872674791700e+00,-6.624343515388720904e-01,-2.252973856383567175e-01,1.000000000000000000e+00
8.299512859022319944e-01,-8.126383219373618516e-01,-2.627885559031957197e-01,1.284447859102537670e-01,2.000000000000000000e+00
1.298067323946100249e+00,-1.135420914479956522e+00,-2.404391887843510545e-01,2.711315624877512764e-01,2.000000000000000000e+00
-1.107966322295065531e+00,-6.148978776351505804e-01,-9.816252535552545400e-01,1.533067932504847408e-01,0.000000000000000000e+00
-9.834563855197575588e-01,7.851835479696744891e-01,1.011387610570005480e+00,1.089270122175974409e+00,1.000000000000000000e+00
-8.489099484835392895e-01,1.206318455615892571e+00,6.498153333949212573e-01,-5.556926438325501261e-01,1.000000000000000000e+00
-2.844868330923242539e+00,-2.852865500598355641e+00,-5.992504823494074762e-01,1.496529361426035543e+00,0.000000000000000000e+00
2.066447652880676333e+00,-1.908501194802489920e+00,1.187148563359012587e-01,-1.604648113388353670e+00,2.000000000000000000e+00
-4.788981003742119880e-01,-6.456911400169584869e-02,1.592946286844199699e+00,1.874585625773534714e+00,0.000000000000000000e+00
-1.116294607173375919e+00,1.146879498762433336e+00,-8.365493257963734219e-01,-8.980445556083116454e-02,1.000000000000000000e+00
4.312522159115315112e-01,-5.838457835537707030e-01,1.730425079138426803e+00,1.210398820337476478e+00,2.000000000000000000e+00
2.941040613777636814e-01,-6.217197403864012095e-01,-1.479424681945729070e+00,1.403688056923420024e+00,2.000000000000000000e+00
2.012110918599615772e+00,-1.988750556128302982e+00,2.454218745868796514e+00,-8.327294975966720303e-01,2.000000000000000000e+00
-1.219635361182886513e+00,1.207160656141517130e+00,-3.839779268517073962e-01,-1.470481132236987898e-01,1.000000000000000000e+00
-1.204135813586771464e+00,-1.795732694720259204e+00,1.177667126387733854e+00,-6.291574524224949894e-01,0.000000000000000000e+00
1.090877574618853485e+00,-1.142881699856462152e+00,-8.589872706989457596e-01,-2.408270291048400513e-01,2.000000000000000000e+00
1.376303228901032183e+00,-1.088438657291713296e+00,3.712836000760780242e-01,-1.955976676182340945e+00,2.000000000000000000e+00
-1.116381039299317868e+00,2.791177681522517773e+00,4.579471619870794097e-01,-5.890225123003710594e-01,1.000000000000000000e+00
-1.142063084889063607e+00,3.308142859432211536e-01,7.059179864199012222e-01,-7.367238938034299522e-01,1.000000000000000000e+00
-9.084451723399237233e-01,-5.089496294599722415e-01,1.639204053700642483e-01,-2.291186061009893582e-01,0.000000000000000000e+00
2.251423228727701620e+00,-2.084242500188027147e+00,1.381240648025351181e+00,7.607472623817266300e-01,2.000000000000000000e+00
-8.184109032307351761e-02,-8.192277175727158411e-02,1.238116756971961330e+00,1.589721058309463642e+00,2.000000000000000000e+00
-9.128761840728820687e-01,-1.465117484055105113e-01,1.000218966704564894e+00,-1.229474946899367094e-01,1.000000000000000000e+00
-1.239449059130596220e-01,-4.960957369309921816e-01,-1.405907072388197676e+00,1.571395984164292381e+00,0.000000000000000000e+00
-1.272325561485490031e+00,-1.349121820855132547e+00,1.566333413932842422e+00,2.889893875807540424e-01,0.000000000000000000e+00
-1.146715719917770215e+00,1.109922813534321984e+00,4.690990675552818290e-02,-6.828313189910734105e-01,1.000000000000000000e+00
-1.952263696157779949e-01,8.035306118212721671e-01,-3.774375445977105614e-01,1.628855818062763694e+00,0.000000000000000000e+00
-1.262813853547116505e+00,-1.240669568632917441e+00,1.495167133334370346e+00,-3.601010468635247874e-01,0.000000000000000000e+00
-1.870104306305482300e-01,6.188202519222516518e-01,8.973140269220666321e-01,-6.505124591314592752e-01,0.000000000000000000e+00
-9.278134007248793891e-01,9.087021427714414568e-01,-6.470941505714313813e-01,3.443234994095252244e-01,1.000000000000000000e+00
-7.153222108294083892e-01,8.481615608468076051e-01,9.170876091858432000e-01,-3.282226013974070544e-01,1.000000000000000000e+00
1.823034611426520790e+00,-1.896577390456172463e+00,-8.645566565000162296e-02,-4.849999564368420168e-01,2.000000000000000000e+00
-8.565338355428990802e-01,7.465814849057645919e-01,1.091346952515328983e+00,-1.031638868711955315e+00,1.000000000000000000e+00
-6.285439968157005008e-01,5.464815657815238481e-01,6.155663231422477955e-01,7.165079120346413699e-01,1.000000000000000000e+00
-7.442446597880540970e-01,7.227648673489018849e-01,4.105880917778424455e-01,3.131499984495428879e-01,1.000000000000000000e+00
-4.877185750211204818e-01,-4.562134972883937767e-01,-1.286918173484076000e+00,2.444559794256675467e+00,0.000000000000000000e+00
-2.012725122648538756e-01,1.241670761855890870e-01,-1.575809237790204986e-01,-7.875925953707975380e-02,0.000000000000000000e+00
2.912278384725632829e-01,8.385757585100546141e-01,1.282103289783376399e+00,1.305487313720101294e+00,0.000000000000000000e+00
-1.087494308618022210e+00,2.682897028301335363e-01,5.513421548060658539e-01,-1.750122740623907491e+00,1.000000000000000000e+00
-1.248412217418461534e+00,-1.263192267275709657e+00,1.202587964540896781e+00,1.203117835151322895e-01,0.000000000000000000e+00
-6.202362729617494352e-02,-2.356893690760205606e-01,5.132615340882965560e-01,3.001552538372400103e-01,2.000000000000000000e+00
-9.218647567844627799e-01,5.051665930569257945e-01,3.013504438301438659e-01,-3.484809683247863110e-01,1.000000000000000000e+00
-8.080688694271576100e-02,-9.401736714960136077e-01,1.510255001140855535e+00,-1.978995487297961819e+00,0.000000000000000000e+00
-2.093373564822059052e+00,-1.862296888588238497e+00,-9.321018601174840823e-01,-6.384308342238247114e-02,0.000000000000000000e+00
6.564168228245543801e-01,-6.557194001592010490e-01,-8.087627870250807538e-01,4.115426416709586088e-02,2.000000000000000000e+00
2.195495685839905065e+00,-2.121749366821561900e+00,1.066714047257049935e-01,1.734580723476860653e-01,2.000000000000000000e+00
1.526358367848520858e+00,-1.121034733045017218e+00,-2.121891684583922633e+00,-8.212000497348987960e-01,2.000000000000000000e+00
-2.923712652803642786e+00,-3.106477709232494444e+00,1.072298764475949628e+00,3.677243956295177529e-01,0.000000000000000000e+00
-1.055763513059660985e+00,3.701843021444251036e-01,-7.508349034562565860e-01,-4.671941361551819327e-02,0.000000000000000000e+00
-3.959570876185593002e-01,-7.598855362206182740e-01,-7.765863556246632715e-01,1.757388189086183661e-01,1.000000000000000000e+00
-6.211288380017674360e-01,1.716505610077668775e-01,-1.385222471514161668e+00,-4.363401053340800750e-01,1.000000000000000000e+00
1.535765058038393693e+00,-1.492060037035209064e+00,-1.860771215242127408e+00,3.880532728708195878e-01,2.000000000000000000e+00
-9.147054713548486982e-01,6.216645352702245830e-01,-1.110924905779223648e+00,2.523058765518832458e-01,1.000000000000000000e+00
-1.825400592207306882e-01,7.036895807435006311e-02,2.420064956731980965e-01,1.249352346361786603e+00,2.000000000000000000e+00
1.308306376628065593e+00,-1.114502118930972507e+00,-2.748319259638590251e-01,-6.350482957789883587e-01,2.000000000000000000e+00
1.832488824392865201e+00,-1.515929906681461103e+00,3.066299861180692421e-01,-8.948675227225688644e-01,2.000000000000000000e+00
-1.508549521138311533e+00,-1.180360065244511425e+00,-7.489046986434966247e-01,-9.728491442736609818e-01,0.000000000000000000e+00
4.385953425160769026e-01,-5.050671251784470961e-01,-5.722935592755923340e-01,-4.350088924532625745e-01,2.000000000000000000e+00
-1.240509266325628079e+00,2.094143603213233895e+00,3.852855364027017449e-01,-6.155606163888001081e-01,1.000000000000000000e+00
1.040287542322636316e+00,-1.273717910520301144e+00,-6.284637608638715678e-01,-7.556787718519769603e-01,2.000000000000000000e+00
1.660483847031868354e+00,-1.478208075927168297e+00,4.423170744420904521e-01,5.625522926282493508e-01,2.000000000000000000e+00
-7.292811110762688065e-01,-4.719387651724983312e-01,-1.116012376991660643e-01,-2.192293576485658146e+00,0.000000000000000000e+00
-1.202075106009571792e+00,1.255698019949899713e+00,-7.588391237616309848e-01,-5.495192814780127527e-02,1.000000000000000000e+00
-1.470907548929328845e+00,2.046485559020786660e+00,6.297932660599045995e-01,7.488700674029997728e-01,1.000000000000000000e+00
1.562526096499048833e+00,-1.375087230214327771e+00,1.980910492945782808e+00,-9.396829927496319623e-01,2.000000000000000000e+00
-1.885993446806489837e-01,6.201937657531411130e-01,-2.195454060246324335e-01,9.894190890550728090e-01,0.000000000000000000e+00
7.385051713676550333e-01,-7.283811772822632591e-01,1.502632577008237713e-01,7.111634755571083488e-01,2.000000000000000000e+00
1.754264594322707982e+00,-1.547394706729668501e+00,3.530564478910547255e-01,-1.292658801311044936e+00,2.000000000000000000e+00
-8.504260713647906478e-01,2.592951124757012504e-01,-6.964936220333431960e-01,2.067040451479738583e-01,2.000000000000000000e+00
-1.163169720993803669e+00,-1.472689846647955436e+00,5.065929045948422971e-01,6.478541535753808978e-01,0.000000000000000000e+00
-9.338274808710232966e-01,1.260920470989094655e+00,4.541326556924318858e-01,2.460016776595834107e-02,1.000000000000000000e+00
-6.417661719506266849e-01,3.767477320591432477e-01,-5.865382483604686392e-01,-2.899447037696873952e-01,1.000000000000000000e+00
-1.335054645273425322e+00,2.608761634616565850e+00,-7.901001377408152226e-01,1.385172039005945488e-01,1.000000000000000000e+00
-1.213608979393965503e+00,-1.130684996281929866e+00,-8.905896572272115064e-01,5.147786069553114685e-02,0.000000000000000000e+00
-1.050872051444152522e+00,1.549982685375651759e+00,-6.349929458061817078e-01,8.239231846771865042e-01,1.000000000000000000e+00
-6.168089673858123678e-01,-5.132513965701057668e-01,2.418140579183917005e+00,1.292118223702643842e+00,0.000000000000000000e+00
-2.538812922098012681e-01,-3.084682374788265680e-01,1.181818484074783848e+00,-6.736549158843909701e-01,0.000000000000000000e+00
1.589011325630871330e+00,-1.283871593105130993e+00,6.472145518303672462e-01,5.934361947579730456e-01,2.000000000000000000e+00
2.247414171254581206e+00,-2.031827725253541495e+00,-1.171541116278592698e+00,2.875608106832903132e-01,2.000000000000000000e+00
8.782752261347855915e-01,-7.402219639587880318e-01,7.650403689034371846e-01,1.485900427152704595e-01,2.000000000000000000e+00
-1.407767237586693643e+00,1.841797453001044804e+00,-9.675057502434557533e-01,-2.218380612891944992e+00,1.000000000000000000e+00
-9.580693903878650941e-01,8.962530786686300210e-01,-3.544772294682724256e-01,-5.075722847087756895e-01,1.000000000000000000e+00
2.671657932894547782e-01,-4.903306064494480365e-01,4.911214823303140520e-01,-9.782702080014950285e-02,2.000000000000000000e+00
-1.618773182643014730e+00,-1.586706642920756138e+00,-9.122968761418885908e-01,-2.019652146662179071e+00,0.000000000000000000e+00
-1.014264377744384937e+00,1.117673933334608405e+00,2.069623321456023124e+00,1.089940748214798250e+00,1.000000000000000000e+00
2.085157448755768250e+00,-1.800107754204862243e+00,-6.239159757985198729e-01,-8.089413086779646544e-01,2.000000000000000000e+00
1.238187527379252195e+00,-1.284005299863220317e+00,1.208618722171433735e+00,-5.933284755242275166e-01,2.000000000000000000e+00
-2.011813275627704289e+00,-2.229361645863286334e+00,-2.438759777281143404e-01,3.429693803069742142e-01,0.000000000000000000e+00
-1.146391458561167420e+00,1.633558334667409406e+00,-1.804633067568578442e+00,6.611004434162897070e-01,1.000000000000000000e+00
-2.639918115668299370e-01,-1.927811747879241144e-01,8.839555741406082134e-01,1.571660997165249318e+00,0.000000000000000000e+00
2.041944911047241185e+00,-1.907916339726694055e+00,4.292364271091284045e-01,-8.862831487240090400e-01,2.000000000000000000e+00
4.928051353580560345e-01,-5.158728826955181201e-01,-1.855340724703587740e-01,-1.920056348895764708e+00,2.000000000000000000e+00
-3.848000193537958191e-01,2.416640731838359812e-02,-2.530857977377340529e+00,-1.694266163205279119e-01,0.000000000000000000e+00
1.471503375250937440e+00,-1.295563043413037407e+00,7.988644362166252844e-01,-7.692257388594722634e-02,2.000000000000000000e+00
-8.394091878879301749e-01,5.422779646929600794e-01,5.448108887817506574e-01,-1.520062199850943374e+00,0.000000000000000000e+00
-2.040210448751897054e+00,-1.112015618950898066e+00,9.777184315078143451e-01,-6.232073791066404800e-01,0.000000000000000000e+00
-1.409222733858382481e+00,6.784879545692938940e-01,1.022934190548965727e+00,1.133379098048404643e+00,1.000000000000000000e+00
-1.469156727028647635e+00,7.375239349418900581e-01,1.023722450295962982e+00,-2.144451535848617141e+00,1.000000000000000000e+00
-1.281089883206225633e+00,3.995166141645167812e-02,-2.285254307316887668e-01,2.265373866513276102e-01,0.000000000000000000e+00
-9.635379266724803937e-01,2.078547838527317282e+00,5.557337885446043124e-01,6.579779477468243876e-01,1.000000000000000000e+00
-6.513160482280865304e-01,-3.784533108294894088e-01,1.326480362541887059e+00,4.955695135823551811e-01,1.000000000000000000e+00
-2.193256192029512164e+00,-1.862968553778283187e+00,-2.951444138246174242e-01,-1.378281685990909056e+00,0.000000000000000000e+00
-1.007624427586160554e+00,7.366787196592201603e-01,6.204354755517832443e-01,6.494986890305592953e-01,1.000000000000000000e+00
-8.346394934711571789e-01,-1.372435944309868816e-01,1.553044210111128809e+00,-3.533545768253168462e-01,1.000000000000000000e+00
-1.162219309604537232e+00,-2.684821182439498521e-01,3.815417922975076342e-02,-1.290318658489977566e-01,0.000000000000000000e+00
2.108676739853376780e-02,5.540462245523987139e-01,7.394479748694445798e-01,-1.383859658840205231e+00,0.000000000000000000e+00
-7.589844998838882750e-01,-9.120478302815797633e-01,2.105783726343922968e+00,3.412055583181066165e-01,0.000000000000000000e+00
-5.534557906036559061e-01,-9.665927585616218565e-02,-2.056800708816614587e-01,-6.655145921570509993e-01,1.000000000000000000e+00
-1.090118283226874096e+00,-5.233627157637958938e-01,3.058230798027909980e-01,2.722776806498457547e-01,1.000000000000000000e+00
3.146087473111582877e-01,-4.101712247406950063e-01,3.738614596211060626e-01,-7.163139545771664007e-01,2.000000000000000000e+00
-7.870667500515786674e-01,-6.446066012974299708e-01,-4.582812347447869916e-01,1.841510470471560135e+00,0.000000000000000000e+00
-7.844434428082812660e-01,-8.414123696088833260e-01,8.588504285990501419e-01,-2.792872753073279979e-01,0.000000000000000000e+00
-3.968246244238899934e-01,-4.551156848917237152e-02,-9.875432427502291999e-01,1.007565045515462332e+00,2.000000000000000000e+00
-1.731982227616478021e+00,3.261907773878188088e+00,-1.861424014342133448e+00,2.364697549348695027e+00,1.000000000000000000e+00
-1.016577822797118724e+00,-1.304354274619188292e+00,6.373701317691587986e-01,-4.880115230424558748e-01,0.000000000000000000e+00
-7.401892220649262111e-01,4.741846189007493662e-01,-7.373633333842839477e-01,5.622428995638083515e-01,2.000000000000000000e+00
5.655875571300101878e-01,-5.384833221219308408e-01,2.368776954429619441e-01,-1.160466318925094775e+00,2.000000000000000000e+00
-1.137503528825356547e+00,1.891466516451816737e+00,-8.621138907013673469e-01,-1.155408279565565133e+00,1.000000000000000000e+00
-7.892135612761529417e-01,-2.397884011854150010e+00,-8.194899549284452300e-01,8.750882114761359132e-01,0.000000000000000000e+00
1.129766004870314422e+00,-1.200269984785393262e+00,9.526949612766363318e-01,-1.717773249776623212e-01,2.000000000000000000e+00
-4.080731306153562166e-01,-1.372053361171216901e+00,-4.314737398291817461e-01,1.872419526009958313e+00,0.000000000000000000e+00
-1.748159456485580687e+00,-1.117136390675111723e+00,-4.172845751862589436e-01,-3.649549785081341868e-01,0.000000000000000000e+00
-8.332844607173155449e-01,5.951815235183763875e-01,-4.686516913791560213e-01,-9.488682970216796297e-01,1.000000000000000000e+00
-1.709828803293103494e+00,1.447165235009512774e+00,1.798873300678229814e+00,2.384591880135045749e-01,2.000000000000000000e+00
2.049945512147157700e+00,-1.645246198546251204e+00,1.034399531891663893e+00,-2.687587064700667772e-01,2.000000000000000000e+00
-1.062598334169308600e+00,3.581469807747814649e-01,1.373653658369293762e+00,-1.013801787396138687e+00,1.000000000000000000e+00
-1.518565501218307245e+00,2.831514928181534607e+00,-1.654806053452071712e-01,-8.232082984199300402e-01,1.000000000000000000e+00
-1.152278412422899301e+00,-9.636995271843713518e-01,2.380227284738313798e-01,7.582496550151602843e-01,0.000000000000000000e+00
2.731453626753419073e+00,-2.564540236657213867e+00,-7.903083089380573689e-01,-1.824915037427797537e-01,2.000000000000000000e+00
9.017485481475742137e-01,-8.496271183046757436e-01,7.862408070240051172e-02,-5.423819916500693950e-01,2.000000000000000000e+00
1.390277253176974703e-02,-3.417679742006418664e-01,-3.978788386617311823e-01,-1.781069483689504129e-01,2.000000000000000000e+00
-1.202282573677093902e+00,-2.279803073839438810e+00,-2.358306401906273830e-01,-1.859663708134491333e-01,0.000000000000000000e+00
-1.353707612463260102e+00,1.366666315522835351e+00,-1.408026015172155532e+00,-1.941028355471952738e+00,1.000000000000000000e+00
-1.182731376800319367e+00,1.175301305053808809e+00,1.597000594074568403e+00,-1.301081758166926283e+00,1.000000000000000000e+00
-5.457928409327630348e-01,3.179674181140099698e-01,-6.405535257082112244e-01,4.599295396846926898e-01,1.000000000000000000e+00
-7.029515692652648085e-01,-3.245599828954426336e-01,9.958228752170343867e-01,7.513124552918018506e-02,1.000000000000000000e+00
